id,first_name,last_name,email,registration_time
51,Clemmy,Lezemere,clezemere1e@yolasite.com,01/02/2024
101,Rolando,Woonton,rwoonton2s@addthis.com,01/02/2024
120,Ervin,Ponde,eponde3b@shutterfly.com,01/02/2024
139,Emanuel,Pepperill,epepperill3u@phpbb.com,01/02/2024
193,Helen-elizabeth,Shropsheir,hshropsheir5c@mlb.com,01/02/2024
218,Josi,Aindrais,jaindrais61@dagondesign.com,01/02/2024
252,Denise,Dripp,ddripp6z@ning.com,01/02/2024
272,Dorthy,Jamieson,djamieson7j@360.cn,01/02/2024
288,Blane,Cocking,bcocking7z@reference.com,01/02/2024
295,Linus,Wantling,lwantling86@patch.com,01/02/2024
301,Sansone,Alexandersson,salexandersson8c@exblog.jp,01/02/2024
310,Illa,Lecount,ilecount8l@slashdot.org,01/02/2024
328,Marmaduke,Rolstone,mrolstone93@wufoo.com,01/02/2024
378,Betti,Lafontaine,blafontaineah@jigsy.com,01/02/2024
386,Kelbee,Wilmington,kwilmingtonap@wisc.edu,01/02/2024
388,Pierrette,Orpyne,porpynear@unblog.fr,01/02/2024
390,Joanna,Thiolier,jthiolierat@fotki.com,01/02/2024
424,Fidelia,Hyatt,fhyattbr@samsung.com,01/02/2024
429,Pansy,Stiling,pstilingbw@jigsy.com,01/02/2024
436,Aryn,Wackly,awacklyc3@imdb.com,01/02/2024
488,Ellwood,Fearnyhough,efearnyhoughdj@hp.com,01/02/2024
512,Dorita,Tuftin,dtuftine7@scientificamerican.com,01/02/2024
546,Cate,Feaster,cfeasterf5@dedecms.com,01/02/2024
569,Sileas,Marquese,smarquesefs@seattletimes.com,01/02/2024
597,Anneliese,Jeanneau,ajeanneaugk@weebly.com,01/02/2024
598,George,Citrine,gcitrinegl@deviantart.com,01/02/2024
615,Oren,Pauling,opaulingh2@harvard.edu,01/02/2024
627,Damiano,Diess,ddiesshe@buzzfeed.com,01/02/2024
684,Ashla,Drage,adrageiz@51.la,01/02/2024
698,Irita,Pedrollo,ipedrollojd@deviantart.com,01/02/2024
706,Selma,Larvin,violinhi@hotmail.com,01/02/2024
708,Amory,Latham,vlefevre@outlook.com,01/02/2024
710,Yoko,Eck,dialworld@hotmail.com,01/02/2024
720,Cherilyn,Lawther,smartfart@mac.com,01/02/2024
784,Geralda,Deadman,bsikdar@optonline.net,01/01/2024
793,Nisse,Saberton,rcwil@me.com,01/01/2024
794,Ardisj,Bourthoumieux,bruck@yahoo.ca,01/01/2024
799,Calli,Desorts,wenzlaff@me.com,01/01/2024
811,Theodor,Masarrat,msusa@yahoo.ca,01/01/2024
820,Ainsley,Pittam,liedra@me.com,01/01/2024
844,Felicity,Tape,zyghom@hotmail.com,01/01/2024
848,Tess,Samart,mrdvt@sbcglobal.net,01/01/2024
888,Chauncey,Lynagh,sylvan.schumm@hotmail.com,01/01/2024
907,Dita,Siveter,egleichner@hotmail.com,01/01/2024
908,Ivan,Kaas,korbin57@wehner.biz,01/01/2024
914,Deanne,Metterick,smith.makenna@haag.com,01/01/2024
920,Moss,Cave,jdicki@yahoo.com,01/01/2024
960,Natalya,Brissenden,lcorkery@yahoo.com,01/01/2024
970,Marilee,Beldon,oral65@kris.com,01/01/2024
974,Lorine,Siddall,twintheiser@nikolaus.com,01/01/2024
5,Fania,Fudger,ffudger4@apple.com,01/02/2024
17,Bennie,McCurrie,bmccurrieg@amazon.de,01/02/2024
21,Faun,Mead,fmeadk@plala.or.jp,01/02/2024
74,Andie,Hearsum,ahearsum21@cmu.edu,01/02/2024
75,Aguste,Taylder,ataylder22@auda.org.au,01/02/2024
80,Kristoforo,Shapero,kshapero27@fda.gov,01/02/2024
102,Shelly,Loughrey,sloughrey2t@japanpost.jp,01/02/2024
185,Lorena,Arkley,larkley54@upenn.edu,01/02/2024
207,Ingunna,Mahony,imahony5q@ehow.com,01/02/2024
219,Oliver,De Laspee,odelaspee62@house.gov,01/02/2024
235,Noel,Biermatowicz,nbiermatowicz6i@wp.com,01/02/2024
284,Margit,Ledbetter,mledbetter7v@vistaprint.com,01/02/2024
287,Teresita,Strickland,tstrickland7y@gmpg.org,01/02/2024
292,Clare,Duer,cduer83@theglobeandmail.com,01/02/2024
331,Riannon,Cowser,rcowser96@sun.com,01/02/2024
363,Dallas,Bufton,dbuftona2@webs.com,01/02/2024
395,Blancha,Ivanilov,bivanilovay@kickstarter.com,01/02/2024
405,Spence,Lealle,slealleb8@ucoz.ru,01/02/2024
472,Zelig,Carvil,zcarvild3@soundcloud.com,01/02/2024
505,Jocelyn,Yukhnev,jyukhneve0@europa.eu,01/02/2024
527,Eal,Greiswood,egreiswoodem@ehow.com,01/02/2024
534,Rafa,Pinfold,rpinfoldet@baidu.com,01/02/2024
538,Timothea,Whiteford,twhitefordex@icio.us,01/02/2024
556,Swen,Oldershaw,soldershawff@github.com,01/02/2024
607,Gretta,Blakelock,gblakelockgu@hhs.gov,01/02/2024
620,Vida,Guilder,vguilderh7@naver.com,01/02/2024
631,Adams,Toffoloni,atoffolonihi@merriam-webster.com,01/02/2024
636,Ashli,Wooler,awoolerhn@theguardian.com,01/02/2024
683,Flory,Assaf,fassafiy@mapy.cz,01/02/2024
758,Lanita,Matityahu,quinn@aol.com,01/02/2024
768,Malvin,Mallett,wbarker@sbcglobal.net,01/02/2024
830,Garey,Relf,rmcfarla@sbcglobal.net,01/02/2024
854,Valeria,Carmel,dawson.kiehn@hackett.com,01/02/2024
870,Fawnia,Sparsholt,geo.johnston@gusikowski.com,01/02/2024
886,Cobby,Espinoza,lauren.mckenzie@kemmer.com,01/02/2024
912,Angelique,Howgego,shields.daryl@gmail.com,01/02/2024
916,Geoffry,Sacchetti,pauline81@ebert.com,01/02/2024
931,Kaela,Olin,mayert.kelley@effertz.com,01/02/2024
952,Kaitlynn,McCarly,gleason.myah@hotmail.com,01/02/2024
958,Kay,Trimbey,horacio52@gmail.com,01/02/2024
998,Josh,Monelli,ftreutel@gmail.com,01/02/2024
44,Hermina,Conti,hconti17@samsung.com,01/03/2024
71,Aurilia,Shone,ashone1y@constantcontact.com,01/03/2024
92,Andria,O'Mahoney,aomahoney2j@quantcast.com,01/03/2024
261,Clemente,Fullun,cfullun78@slate.com,01/03/2024
281,Cheri,Janas,cjanas7s@gizmodo.com,01/03/2024
285,Veda,Caslett,vcaslett7w@topsy.com,01/03/2024
307,Arny,Iddiens,aiddiens8i@people.com.cn,01/03/2024
319,Arluene,Gomes,agomes8u@surveymonkey.com,01/03/2024
330,Susanetta,Indgs,sindgs95@so-net.ne.jp,01/03/2024
332,Cammy,Miner,cminer97@twitpic.com,01/03/2024
369,Morry,McMullen,mmcmullena8@princeton.edu,01/03/2024
400,Genovera,Casel,gcaselb3@cocolog-nifty.com,01/03/2024
409,Vina,Tinkham,vtinkhambc@sakura.ne.jp,01/03/2024
422,Laverne,Sibbit,lsibbitbp@dedecms.com,01/03/2024
511,Gilemette,Conford,gconforde6@msu.edu,01/03/2024
535,Sander,Jerzykiewicz,sjerzykiewiczeu@wikispaces.com,01/03/2024
566,Hermina,Molden,hmoldenfp@cnbc.com,01/03/2024
586,Sianna,Derham,sderhamg9@bandcamp.com,01/03/2024
587,Sasha,Willoughley,swilloughleyga@dot.gov,01/03/2024
622,Diena,Pigford,dpigfordh9@github.com,01/03/2024
643,Ester,Insull,einsullhu@ebay.com,01/03/2024
644,Reena,Noad,rnoadhv@washingtonpost.com,01/03/2024
647,Merralee,Broker,mbrokerhy@cargocollective.com,01/03/2024
713,Johny,Charity,suresh@aol.com,01/03/2024
723,Jameson,Gever,arathi@mac.com,01/03/2024
757,Karie,Stanlake,portscan@live.com,01/03/2024
775,Olivette,Twidell,lushe@me.com,01/03/2024
788,Trudey,Cammock,boomzilla@yahoo.com,01/03/2024
822,Garold,Haythorn,harpes@comcast.net,01/03/2024
862,Templeton,McGairl,vbahringer@gmail.com,01/03/2024
866,Clemmie,Gunbie,dondricka@hegmann.com,01/03/2024
867,Yuma,Scurrah,ygoyette@yahoo.com,01/03/2024
876,Alison,Krug,kreiger.arne@gmail.com,01/03/2024
889,Haskel,Gainsborough,lwisoky@waters.net,01/03/2024
918,Antoni,Oxterby,fgreen@gmail.com,01/03/2024
959,Curtis,Blazhevich,bkuhlman@torp.com,01/03/2024
980,Adoree,Rosenfelt,schuppe.juana@simonis.com,01/03/2024
7,Alaric,Rearden,arearden6@soup.io,01/04/2024
30,Bryce,Peasby,bpeasbyt@photobucket.com,01/04/2024
36,Demetri,Riddiough,driddioughz@wufoo.com,01/04/2024
54,Sonya,Corwin,scorwin1h@goo.ne.jp,01/04/2024
62,Dacy,Cottom,dcottom1p@gnu.org,01/04/2024
70,Rodney,Hofner,rhofner1x@acquirethisname.com,01/04/2024
79,Raina,Hanbury-Brown,rhanburybrown26@livejournal.com,01/04/2024
110,Lib,Leppingwell,lleppingwell31@ustream.tv,01/04/2024
175,Sandy,Dymock,sdymock4u@over-blog.com,01/04/2024
236,Brandyn,Meah,bmeah6j@taobao.com,01/04/2024
277,Ximenes,Masdon,xmasdon7o@reverbnation.com,01/04/2024
291,Ettie,Revel,erevel82@hibu.com,01/04/2024
296,Asia,Ellicombe,aellicombe87@illinois.edu,01/04/2024
320,Lavinie,Shurey,lshurey8v@merriam-webster.com,01/04/2024
333,Ted,Di Ruggiero,tdiruggiero98@about.me,01/04/2024
366,Ham,Scotti,hscottia5@wordpress.com,01/04/2024
377,Andreana,Goomes,agoomesag@wunderground.com,01/04/2024
426,Corrina,Peattie,cpeattiebt@sina.com.cn,01/04/2024
479,Aidan,Brownlie,abrownlieda@ucoz.com,01/04/2024
510,Gaspar,Dignam,gdigname5@ebay.co.uk,01/04/2024
516,Kelcey,Chrystal,kchrystaleb@wp.com,01/04/2024
517,Bride,O'Heneghan,boheneghanec@cbc.ca,01/04/2024
519,Clayborn,Woodhams,cwoodhamsee@harvard.edu,01/04/2024
536,Trenna,Fosdyke,tfosdykeev@ask.com,01/04/2024
591,Shauna,Grouvel,sgrouvelge@disqus.com,01/04/2024
592,Jedidiah,Duding,jdudinggf@engadget.com,01/04/2024
593,Purcell,Albers,palbersgg@wordpress.org,01/04/2024
617,Germaine,Denniston,gdennistonh4@europa.eu,01/04/2024
628,Beckie,Hexter,bhexterhf@xing.com,01/04/2024
667,Ninnette,Langdale,nlangdaleii@bizjournals.com,01/04/2024
682,Justina,Fairest,jfairestix@biglobe.ne.jp,01/04/2024
695,Wileen,Ludgrove,wludgroveja@ifeng.com,01/04/2024
739,Ciel,Shaplin,ajlitt@optonline.net,01/04/2024
753,Malory,Mold,torgox@sbcglobal.net,01/04/2024
766,Verine,Jurasek,wenzlaff@icloud.com,01/04/2024
789,Dani,Godley,bogjobber@icloud.com,01/04/2024
806,Charmine,Crottagh,geekoid@aol.com,01/04/2024
807,Jennee,Ovington,rupak@me.com,01/04/2024
823,Hillary,Collyer,jyoliver@hotmail.com,01/04/2024
826,Edita,Fishley,xtang@verizon.net,01/04/2024
855,Tania,Grinin,samantha.pollich@yahoo.com,01/04/2024
881,Tabby,Leonida,jasmin55@gmail.com,01/04/2024
882,Kirby,O'Clery,zkohler@gmail.com,01/04/2024
915,Rancell,Clohisey,hreilly@gmail.com,01/04/2024
927,Tamera,Bowling,roxane.kutch@yahoo.com,01/04/2024
1,Hilliary,Alenikov,halenikov0@lulu.com,01/05/2024
3,Carter,Broome,cbroome2@nasa.gov,01/05/2024
60,Egor,Schulz,eschulz1n@loc.gov,01/05/2024
82,Read,McGaugey,rmcgaugey29@prnewswire.com,01/05/2024
83,Jewel,Cronin,jcronin2a@jimdo.com,01/05/2024
109,Pearle,Loody,ploody30@auda.org.au,01/05/2024
129,Rosanna,Emer,remer3k@clickbank.net,01/05/2024
174,Kelila,Abbis,kabbis4t@tripod.com,01/05/2024
180,Matty,Hembery,mhembery4z@dell.com,01/05/2024
182,Stefania,Dybald,sdybald51@nationalgeographic.com,01/05/2024
209,Alix,Krishtopaittis,akrishtopaittis5s@google.com.br,01/05/2024
224,Bealle,O'Kinneally,bokinneally67@vkontakte.ru,01/05/2024
226,Alvy,Tomet,atomet69@wikipedia.org,01/05/2024
228,Raquel,Duligal,rduligal6b@census.gov,01/05/2024
229,Rita,Bentham3,rbentham6c@virginia.edu,01/05/2024
239,Sherlocke,Blenkinsop,sblenkinsop6m@mail.ru,01/05/2024
253,Brana,Naisby,bnaisby70@mapquest.com,01/05/2024
283,Stephen,MacMoyer,smacmoyer7u@indiatimes.com,01/05/2024
317,Dick,Capey,dcapey8s@clickbank.net,01/05/2024
345,Meris,Bambrick,mbambrick9k@bluehost.com,01/05/2024
358,Laurel,Squires,lsquires9x@blogspot.com,01/05/2024
374,Jacklin,Jeffels,jjeffelsad@tripadvisor.com,01/05/2024
427,Annabela,Daoust,adaoustbu@friendfeed.com,01/05/2024
441,Alix,Halsey,ahalseyc8@chron.com,01/05/2024
464,Elle,Smallridge,esmallridgecv@ucoz.ru,01/05/2024
547,Obed,Featherstonehaugh,ofeatherstonehaughf6@bbb.org,01/05/2024
565,Waldon,Caudelier,wcaudelierfo@ucsd.edu,01/05/2024
585,Markus,Walsom,mwalsomg8@constantcontact.com,01/05/2024
589,Rose,Cunniff,rcunniffgc@freewebs.com,01/05/2024
652,Constancy,Bullocke,cbullockei3@toplist.cz,01/05/2024
661,Rosaline,Niblock,rniblockic@discovery.com,01/05/2024
704,Anders,Walewski,ullman@aol.com,01/05/2024
717,Logan,Sorbey,rhialto@sbcglobal.net,01/05/2024
722,Elvis,Philip,dieman@yahoo.ca,01/05/2024
732,Jo-anne,Bende,slaff@att.net,01/05/2024
780,Bil,Rayhill,dawnsong@live.com,01/05/2024
786,Katharina,Thurman,dbanarse@gmail.com,01/05/2024
805,Kaleb,Mahood,draper@icloud.com,01/05/2024
809,Sheridan,Hundal,roamer@comcast.net,01/05/2024
813,Carolin,Stennard,mthurn@sbcglobal.net,01/05/2024
824,Valencia,Pettman,jugalator@hotmail.com,01/05/2024
857,Onofredo,Kopfen,schimmel.ebony@predovic.com,01/05/2024
859,Cory,Tuffield,marshall09@lehner.com,01/05/2024
894,Cymbre,Thackston,huel.yolanda@kohler.net,01/05/2024
906,Livy,Nelhams,vpadberg@gmail.com,01/05/2024
923,Nina,Yorke,xcarroll@leannon.org,01/05/2024
963,Lenna,Bradnick,nlesch@yahoo.com,01/05/2024
984,Agathe,Tottie,flatley.noel@cruickshank.info,01/05/2024
24,Rudolfo,Simeonov,rsimeonovn@arstechnica.com,01/06/2024
28,Tate,Lavies,tlaviesr@shareasale.com,01/06/2024
61,Randell,Hindhaugh,rhindhaugh1o@i2i.jp,01/06/2024
97,Jenine,Beebis,jbeebis2o@sina.com.cn,01/06/2024
112,Julietta,Sauter,jsauter33@flavors.me,01/06/2024
123,Fara,Tewkesbury,ftewkesbury3e@dagondesign.com,01/06/2024
133,Rafaelia,Baudoux,rbaudoux3o@over-blog.com,01/06/2024
134,Consuelo,Randleson,crandleson3p@typepad.com,01/06/2024
146,Burk,Lever,blever41@pagesperso-orange.fr,01/06/2024
154,Tamma,Elcoat,telcoat49@army.mil,01/06/2024
170,Zach,Felce,zfelce4p@fastcompany.com,01/06/2024
181,Arch,Delucia,adelucia50@usa.gov,01/06/2024
194,Margret,Pennycock,mpennycock5d@oakley.com,01/06/2024
210,Lynne,Peacher,lpeacher5t@ucla.edu,01/06/2024
225,Sofie,Edmundson,sedmundson68@prweb.com,01/06/2024
240,Brew,Kamena,bkamena6n@simplemachines.org,01/06/2024
276,Mortimer,Geall,mgeall7n@miitbeian.gov.cn,01/06/2024
315,Raoul,Kubczak,rkubczak8q@independent.co.uk,01/06/2024
335,Terrye,Squibb,tsquibb9a@mashable.com,01/06/2024
352,Rennie,Robard,rrobard9r@mac.com,01/06/2024
391,Mari,Slyme,mslymeau@newsvine.com,01/06/2024
402,Lenora,Bedenham,lbedenhamb5@simplemachines.org,01/06/2024
421,Ravid,Goodered,rgooderedbo@spotify.com,01/06/2024
446,Marianne,Proudman,mproudmancd@epa.gov,01/06/2024
448,Adriaens,Byfield,abyfieldcf@seattletimes.com,01/06/2024
453,Malvin,Eagleton,meagletonck@drupal.org,01/06/2024
478,Michelle,Harbach,mharbachd9@epa.gov,01/06/2024
482,Worthy,Temperley,wtemperleydd@twitpic.com,01/06/2024
525,Marnia,O'Gleasane,mogleasaneek@thetimes.co.uk,01/06/2024
542,Loree,Friday,lfridayf1@independent.co.uk,01/06/2024
560,Jody,Heckner,jhecknerfj@histats.com,01/06/2024
580,Jayme,Denington,jdeningtong3@fc2.com,01/06/2024
632,Ezequiel,Paton,epatonhj@eventbrite.com,01/06/2024
653,Mario,Dundendale,mdundendalei4@redcross.org,01/06/2024
689,Sam,Climar,sclimarj4@angelfire.com,01/06/2024
693,Linn,Fouracres,lfouracresj8@ocn.ne.jp,01/06/2024
714,Clementius,Comolli,camenisch@gmail.com,01/06/2024
731,Daloris,Dorning,pakaste@optonline.net,01/06/2024
747,Even,Richold,improv@aol.com,01/06/2024
762,Gerrard,Mapples,jorgb@yahoo.com,01/06/2024
765,Harlene,Hanmer,harpes@msn.com,01/06/2024
825,Eduino,Tapner,mavilar@gmail.com,01/06/2024
878,Gui,Twallin,axel19@larkin.com,01/06/2024
901,Hansiain,Foulgham,farrell.jacinto@lind.com,01/06/2024
937,Sybila,Ruddy,domingo83@hotmail.com,01/06/2024
992,Sondra,Heather,bashirian.gene@rau.com,01/06/2024
16,Forrest,Durnin,fdurninf@washingtonpost.com,01/07/2024
33,Wilmer,McCuaig,wmccuaigw@comsenz.com,01/07/2024
98,Vincent,Firby,vfirby2p@msu.edu,01/07/2024
144,Kristine,Flowitt,kflowitt3z@networkadvertising.org,01/07/2024
205,Susanna,Beglin,sbeglin5o@jimdo.com,01/07/2024
242,Patricio,Eason,peason6p@mail.ru,01/07/2024
327,Georgine,Batteson,gbatteson92@jigsy.com,01/07/2024
337,Gabriell,Tennison,gtennison9c@cloudflare.com,01/07/2024
384,Janeen,Rival,jrivalan@tinypic.com,01/07/2024
418,Trey,Hardiman,thardimanbl@google.com.br,01/07/2024
432,Roseanne,Linfoot,rlinfootbz@youtu.be,01/07/2024
439,Lulita,Andreini,landreinic6@phoca.cz,01/07/2024
443,Amity,Schruurs,aschruursca@timesonline.co.uk,01/07/2024
461,Cindi,Claypool,cclaypoolcs@usa.gov,01/07/2024
462,Ninette,Day,ndayct@stumbleupon.com,01/07/2024
548,Hercules,McGlaud,hmcglaudf7@usa.gov,01/07/2024
549,Derril,Lotterington,dlotteringtonf8@msn.com,01/07/2024
561,Glennie,Toffanelli,gtoffanellifk@photobucket.com,01/07/2024
611,Zabrina,Costin,zcostingy@etsy.com,01/07/2024
619,Cassie,Utterson,cuttersonh6@umn.edu,01/07/2024
654,Kassandra,Alennikov,kalennikovi5@blogs.com,01/07/2024
696,Tiena,Rozec,trozecjb@myspace.com,01/07/2024
701,Tova,Fairn,inico@hotmail.com,01/07/2024
707,Teena,Bilbey,hling@comcast.net,01/07/2024
718,Syd,Pert,crandall@me.com,01/07/2024
736,Mari,Giraudy,pfitza@live.com,01/07/2024
745,Rolfe,Junes,fglock@comcast.net,01/07/2024
779,Elsy,Becker,giafly@mac.com,01/07/2024
785,Ursola,Leversuch,pizza@me.com,01/07/2024
815,Krissie,Moyse,agapow@icloud.com,01/07/2024
910,Ludovika,Wurst,janet.schmitt@hoeger.biz,01/07/2024
911,Hieronymus,Edens,dallin31@gmail.com,01/07/2024
933,Georgeta,Sinnett,cole.joe@windler.com,01/07/2024
953,Maximo,Deeks,ujakubowski@kihn.org,01/07/2024
969,Cooper,Dionisii,adolph68@west.com,01/07/2024
4,Sammy,Balducci,sbalducci3@example.com,01/08/2024
42,Burnaby,Farington,bfarington15@yellowbook.com,01/08/2024
63,Marley,Matelaitis,mmatelaitis1q@lycos.com,01/08/2024
76,Alis,Le Noury,alenoury23@1und1.de,01/08/2024
104,Jarret,Jarrett,jjarrett2v@plala.or.jp,01/08/2024
116,Dawna,Hulks,dhulks37@imageshack.us,01/08/2024
131,Glenine,Dunstall,gdunstall3m@tumblr.com,01/08/2024
143,Hulda,Daglish,hdaglish3y@reverbnation.com,01/08/2024
145,Dolli,Avison,davison40@hc360.com,01/08/2024
198,Sharron,Moorerud,smoorerud5h@nymag.com,01/08/2024
212,Thelma,Kelcher,tkelcher5v@google.it,01/08/2024
221,Eula,Lambertazzi,elambertazzi64@washingtonpost.com,01/08/2024
247,Elisha,Lipscombe,elipscombe6u@arizona.edu,01/08/2024
257,Harlene,Cannan,hcannan74@blogspot.com,01/08/2024
263,Floria,Clayson,fclayson7a@booking.com,01/08/2024
270,Kikelia,Horsfield,khorsfield7h@gravatar.com,01/08/2024
278,Papageno,McCathy,pmccathy7p@edublogs.org,01/08/2024
300,Susanne,Ninotti,sninotti8b@angelfire.com,01/08/2024
368,Parsifal,Bassick,pbassicka7@hostgator.com,01/08/2024
394,Lyda,Patriche,lpatricheax@cmu.edu,01/08/2024
452,Keefe,Doleman,kdolemancj@behance.net,01/08/2024
518,Conni,McCoole,cmccooleed@csmonitor.com,01/08/2024
522,Henri,Earlam,hearlameh@w3.org,01/08/2024
528,Keelia,Sillick,ksillicken@tinyurl.com,01/08/2024
539,Pippo,Dyet,pdyetey@home.pl,01/08/2024
553,Carree,Dumsday,cdumsdayfc@printfriendly.com,01/08/2024
614,Zenia,Jearum,zjearumh1@google.de,01/08/2024
618,Clotilda,Boog,cboogh5@utexas.edu,01/08/2024
650,Nell,Ivanuschka,nivanuschkai1@businesswire.com,01/08/2024
660,Sheree,Formigli,sformigliib@sourceforge.net,01/08/2024
666,Terrijo,Earley,tearleyih@cyberchimps.com,01/08/2024
716,Stanleigh,Holehouse,telbij@me.com,01/08/2024
752,Edik,Currin,bryam@msn.com,01/08/2024
756,Ethelin,Dowgill,rkobes@optonline.net,01/08/2024
796,Olivette,Nobriga,horrocks@icloud.com,01/08/2024
808,Dun,Gres,pkplex@hotmail.com,01/08/2024
817,Jessalyn,Yanyushkin,daveewart@yahoo.com,01/08/2024
835,Orella,Brecknall,rsmartin@live.com,01/08/2024
838,Bale,Mangenot,ngedmond@yahoo.com,01/08/2024
852,Celle,Winterscale,hodkiewicz.haley@lynch.org,01/08/2024
868,Lulita,Nashe,marks.clinton@gmail.com,01/08/2024
877,Bale,Cusick,elbert08@hotmail.com,01/08/2024
903,Demott,Nevison,ibayer@gmail.com,01/08/2024
968,Lombard,Aberdalgy,katelynn.schulist@jaskolski.com,01/08/2024
994,Angeline,Proschek,bertrand39@gmail.com,01/08/2024
995,Kaleb,Cohen,lhoppe@hotmail.com,01/08/2024
14,Veronika,Kingh,vkinghd@vkontakte.ru,01/09/2024
23,Sharia,Cossum,scossumm@japanpost.jp,01/09/2024
45,Manfred,Leedes,mleedes18@usnews.com,01/09/2024
52,Sherm,Sooley,ssooley1f@e-recht24.de,01/09/2024
87,Lydon,Royal,lroyal2e@about.com,01/09/2024
137,Nikolai,Chesnut,nchesnut3s@deviantart.com,01/09/2024
159,Chloette,Clitherow,cclitherow4e@vistaprint.com,01/09/2024
197,Golda,Maasze,gmaasze5g@bbb.org,01/09/2024
204,Christi,Richings,crichings5n@imgur.com,01/09/2024
213,Meredith,Morphey,mmorphey5w@unesco.org,01/09/2024
245,Brandon,McHan,bmchan6s@infoseek.co.jp,01/09/2024
249,Elsi,Behning,ebehning6w@flickr.com,01/09/2024
256,Jeremias,Northing,jnorthing73@howstuffworks.com,01/09/2024
305,Clair,Bartoleyn,cbartoleyn8g@netlog.com,01/09/2024
329,Royal,Sambiedge,rsambiedge94@economist.com,01/09/2024
336,Eveline,Botterman,ebotterman9b@jigsy.com,01/09/2024
367,Lem,Underwood,lunderwooda6@freewebs.com,01/09/2024
475,Gonzalo,Ellyatt,gellyattd6@blogs.com,01/09/2024
500,Dyan,De Minico,ddeminicodv@live.com,01/09/2024
507,Hale,Glede,hgledee2@icq.com,01/09/2024
513,Arty,Smithe,asmithee8@cbc.ca,01/09/2024
526,Corabella,Anselm,canselmel@youku.com,01/09/2024
529,Hi,Sweet,hsweeteo@dagondesign.com,01/09/2024
531,Vida,Gerraty,vgerratyeq@nasa.gov,01/09/2024
533,Constancia,Barme,cbarmees@studiopress.com,01/09/2024
563,Rollins,Greenlies,rgreenliesfm@zimbio.com,01/09/2024
567,Barnabas,Hoggan,bhogganfq@simplemachines.org,01/09/2024
568,Stephen,Hinrichsen,shinrichsenfr@e-recht24.de,01/09/2024
624,Rosita,Hallifax,rhallifaxhb@biglobe.ne.jp,01/09/2024
625,Leanna,Beltzner,lbeltznerhc@google.nl,01/09/2024
639,Ingelbert,Chastang,ichastanghq@arstechnica.com,01/09/2024
642,Quill,McGriffin,qmcgriffinht@newyorker.com,01/09/2024
668,Shanda,Dimock,sdimockij@etsy.com,01/09/2024
673,Zonnya,Fotherby,zfotherbyio@youku.com,01/09/2024
729,Cris,Cusiter,janneh@live.com,01/09/2024
735,Kingston,Dackombe,killmenow@att.net,01/09/2024
751,Emmet,Tabart,jshirley@yahoo.com,01/09/2024
763,Wilhelmina,McGerraghty,ullman@yahoo.ca,01/09/2024
764,Waverly,Finlator,aardo@comcast.net,01/09/2024
771,Alexis,Simnor,malvar@sbcglobal.net,01/09/2024
812,Dav,Hansard,rcwil@icloud.com,01/09/2024
873,Wyn,de Verson,pat.champlin@yahoo.com,01/09/2024
883,Fredric,Eminson,towne.milo@hotmail.com,01/09/2024
898,Ramsay,Pillman,nelson76@hotmail.com,01/09/2024
940,Willa,Galtone,oma.fritsch@hotmail.com,01/09/2024
945,Tadio,Pickford,vwalker@luettgen.org,01/09/2024
977,Kayla,Winder,camryn.schinner@luettgen.biz,01/09/2024
993,Joye,Leinweber,hosea.raynor@gmail.com,01/09/2024
10,Florenza,Battye,fbattye9@delicious.com,01/10/2024
15,Cherlyn,Swindin,cswindine@xing.com,01/10/2024
50,Christabella,Reidshaw,creidshaw1d@skyrock.com,01/10/2024
117,Godfry,Gibbs,ggibbs38@miibeian.gov.cn,01/10/2024
136,Henryetta,Ascraft,hascraft3r@nsw.gov.au,01/10/2024
206,Michael,Sey,msey5p@uiuc.edu,01/10/2024
214,Tomasina,Larkworthy,tlarkworthy5x@1und1.de,01/10/2024
246,Brade,Gerdts,bgerdts6t@cdbaby.com,01/10/2024
248,Shelia,Stoffel,sstoffel6v@usa.gov,01/10/2024
258,Nat,Tansly,ntansly75@java.com,01/10/2024
273,Thomasa,Adriani,tadriani7k@reddit.com,01/10/2024
275,Paolo,Bromidge,pbromidge7m@gov.uk,01/10/2024
311,Deane,Verlander,dverlander8m@narod.ru,01/10/2024
324,Danya,Ladlow,dladlow8z@addthis.com,01/10/2024
338,Beverly,Aslott,baslott9d@msu.edu,01/10/2024
342,Estevan,Laffin,elaffin9h@meetup.com,01/10/2024
343,Napoleon,Earpe,nearpe9i@cpanel.net,01/10/2024
349,Haleigh,Duell,hduell9o@newyorker.com,01/10/2024
450,Glad,Huddy,ghuddych@de.vu,01/10/2024
458,Sloan,Abrahamovitz,sabrahamovitzcp@arizona.edu,01/10/2024
486,Maud,Sarl,msarldh@utexas.edu,01/10/2024
490,Angelika,Flucker,afluckerdl@bluehost.com,01/10/2024
491,Filippa,Dyet,fdyetdm@hexun.com,01/10/2024
493,Floris,Molloy,fmolloydo@toplist.cz,01/10/2024
509,Charles,Brideoke,cbrideokee4@unicef.org,01/10/2024
515,Jude,Norfolk,jnorfolkea@photobucket.com,01/10/2024
541,Des,Benck,dbenckf0@webeden.co.uk,01/10/2024
543,Meier,Capper,mcapperf2@lulu.com,01/10/2024
558,Nance,Tizard,ntizardfh@tinypic.com,01/10/2024
649,Ilyse,Tumilty,itumiltyi0@mediafire.com,01/10/2024
672,Boote,Towsie,btowsiein@fastcompany.com,01/10/2024
674,Calvin,Pfaffe,cpfaffeip@sphinn.com,01/10/2024
677,Alicia,McPhillimey,amcphillimeyis@jigsy.com,01/10/2024
724,Jillene,Blakely,parkes@comcast.net,01/10/2024
741,Dan,Pardew,zavadsky@yahoo.ca,01/10/2024
748,Whitby,Slimings,jmorris@verizon.net,01/10/2024
754,Loralie,Walburn,dowdy@aol.com,01/10/2024
755,Buddy,Lisamore,peoplesr@yahoo.ca,01/10/2024
803,Noelyn,Machan,mnemonic@verizon.net,01/10/2024
816,Arluene,Bladesmith,atmarks@me.com,01/10/2024
843,Morton,Stoker,eidac@att.net,01/10/2024
853,Blake,Wight,dhyatt@donnelly.info,01/10/2024
858,Lira,Orchard,olson.salvatore@hotmail.com,01/10/2024
865,Flemming,Sykora,luis.trantow@halvorson.com,01/10/2024
919,Morgana,Rolston,eryn94@aufderhar.biz,01/10/2024
934,Carlye,Artrick,ward.edwina@feest.net,01/10/2024
942,Vicky,Brettelle,kali.satterfield@gmail.com,01/10/2024
946,Webb,Bour,dayton.senger@gmail.com,01/10/2024
978,Ignaz,Scotfurth,kovacek.clementine@boyer.com,01/10/2024
999,Conroy,Milnthorpe,tre28@witting.biz,01/10/2024
2,Andres,Newarte,anewarte1@wufoo.com,01/11/2024
11,Laney,Satyford,lsatyforda@nasa.gov,01/11/2024
43,Chrisy,Maceur,cmaceur16@loc.gov,01/11/2024
53,Benjie,Sleeny,bsleeny1g@de.vu,01/11/2024
59,Justino,Collcott,jcollcott1m@baidu.com,01/11/2024
68,Benni,Dreakin,bdreakin1v@com.com,01/11/2024
106,Jay,Baiden,jbaiden2x@eepurl.com,01/11/2024
113,Reider,Jertz,rjertz34@bloglines.com,01/11/2024
128,Deeann,Gordon,dgordon3j@answers.com,01/11/2024
152,Torre,Amerighi,tamerighi47@dion.ne.jp,01/11/2024
166,Berti,Moncaster,bmoncaster4l@gov.uk,01/11/2024
177,Leelah,Wibberley,lwibberley4w@163.com,01/11/2024
211,Julianna,MacCaffery,jmaccaffery5u@stanford.edu,01/11/2024
298,Tonye,Heigho,theigho89@bigcartel.com,01/11/2024
302,Danyelle,Sarginson,dsarginson8d@friendfeed.com,01/11/2024
359,Chane,Hirtzmann,chirtzmann9y@omniture.com,01/11/2024
380,Tobey,Allum,tallumaj@stumbleupon.com,01/11/2024
442,Dana,Matthewman,dmatthewmanc9@360.cn,01/11/2024
460,Marion,Archbell,marchbellcr@comsenz.com,01/11/2024
485,Blane,Rapps,brappsdg@lycos.com,01/11/2024
602,Dene,Iannelli,diannelligp@squidoo.com,01/11/2024
665,Loria,Blaase,lblaaseig@npr.org,01/11/2024
686,Mindy,Sheara,mshearaj1@altervista.org,01/11/2024
697,Vera,Daleman,vdalemanjc@php.net,01/11/2024
705,Roxy,Covill,murdocj@outlook.com,01/11/2024
728,Mitchel,Wigfield,attwood@me.com,01/11/2024
760,Raynell,Skill,ovprit@mac.com,01/11/2024
773,Arda,Poulson,mcast@verizon.net,01/11/2024
802,Aline,Hunnisett,solomon@hotmail.com,01/11/2024
804,Gherardo,Hawken,dgatwood@optonline.net,01/11/2024
810,Harlan,Rigge,jcholewa@hotmail.com,01/11/2024
861,Basilius,Cundey,cathrine.gorczany@hotmail.com,01/11/2024
913,Laurel,Skiplorne,murray.vivienne@stanton.com,01/11/2024
926,Kelcey,Corinton,murray.mercedes@yahoo.com,01/11/2024
941,Quinton,Fyndon,august26@hotmail.com,01/11/2024
965,Jesselyn,Branford,tsipes@hotmail.com,01/11/2024
991,Darcey,Trotman,satterfield.hobart@schuster.com,01/11/2024
25,Lonni,Sproston,lsprostono@bigcartel.com,01/12/2024
41,Filberte,Scuffham,fscuffham14@ow.ly,01/12/2024
77,Gerianne,Exell,gexell24@fastcompany.com,01/12/2024
96,Dela,Hammerman,dhammerman2n@answers.com,01/12/2024
100,Bibby,Walling,bwalling2r@issuu.com,01/12/2024
105,Kerrie,Currall,kcurrall2w@imageshack.us,01/12/2024
151,Francyne,Terzo,fterzo46@youku.com,01/12/2024
158,Benoit,Bowlands,bbowlands4d@fda.gov,01/12/2024
160,Genevra,Mitie,gmitie4f@google.com.br,01/12/2024
265,Gaylord,Fawlo,gfawlo7c@liveinternet.ru,01/12/2024
279,Fernanda,Threadgould,fthreadgould7q@ca.gov,01/12/2024
304,Adam,Plumptre,aplumptre8f@phpbb.com,01/12/2024
308,Genvieve,Orton,gorton8j@umich.edu,01/12/2024
325,Lucinda,Stork,lstork90@theatlantic.com,01/12/2024
355,Adelbert,Pendry,apendry9u@who.int,01/12/2024
371,Adda,Duchart,aduchartaa@plala.or.jp,01/12/2024
373,Cortie,Junkison,cjunkisonac@marriott.com,01/12/2024
375,Arch,O'Finan,aofinanae@instagram.com,01/12/2024
401,Jane,Hargitt,jhargittb4@unc.edu,01/12/2024
410,Lura,Oby,lobybd@samsung.com,01/12/2024
414,Chris,Zecchetti,czecchettibh@reverbnation.com,01/12/2024
466,Bennett,MacInnes,bmacinnescx@cnet.com,01/12/2024
467,Leonie,Demongeot,ldemongeotcy@t-online.de,01/12/2024
483,Winny,Cawdell,wcawdellde@eepurl.com,01/12/2024
498,Cirstoforo,Tipler,ctiplerdt@bravesites.com,01/12/2024
545,Pepito,Scala,pscalaf4@apache.org,01/12/2024
554,Licha,McVee,lmcveefd@toplist.cz,01/12/2024
578,Kellsie,Shelborne,kshelborneg1@yellowbook.com,01/12/2024
594,Daisey,O'Skehan,doskehangh@aol.com,01/12/2024
621,Amabel,Haydock,ahaydockh8@newsvine.com,01/12/2024
629,Tobit,Bompas,tbompashg@auda.org.au,01/12/2024
678,Jourdain,Breitler,jbreitlerit@sina.com.cn,01/12/2024
692,Korry,Chander,kchanderj7@economist.com,01/12/2024
721,Gill,Paramore,durist@gmail.com,01/12/2024
776,Meagan,Annable,cvrcek@icloud.com,01/12/2024
814,Emmy,Coy,ntegrity@att.net,01/12/2024
827,Iseabal,Cuffin,gravyface@aol.com,01/12/2024
832,Wernher,Collicott,birddog@gmail.com,01/12/2024
849,Pearle,Mawdsley,singer@icloud.com,01/12/2024
874,Bill,Vannuchi,eryn.steuber@kuhic.biz,01/12/2024
891,Morly,Klemmt,royce.bashirian@reichert.com,01/12/2024
896,Lynn,Volante,roel.barrows@zieme.biz,01/12/2024
909,Morgun,Guirardin,braun.peggie@beer.biz,01/12/2024
924,Chloe,Hamley,kohler.darrion@ferry.com,01/12/2024
929,Munroe,MacCallester,dorothea.herman@mcdermott.com,01/12/2024
990,Delia,Lace,alfonzo.leuschke@gmail.com,01/12/2024
32,Elisabeth,Bedingfield,ebedingfieldv@blogspot.com,1/13/2024
46,Astra,Kunkel,akunkel19@mapy.cz,1/13/2024
55,Ayn,Kitchenside,akitchenside1i@ucoz.ru,1/13/2024
58,Ethel,Chsteney,echsteney1l@oakley.com,1/13/2024
73,Gerty,Rowney,growney20@google.co.uk,1/13/2024
84,Hermon,Winscum,hwinscum2b@earthlink.net,1/13/2024
86,Minnaminnie,Nowell,mnowell2d@blog.com,1/13/2024
135,Inna,Wiszniewski,iwiszniewski3q@timesonline.co.uk,1/13/2024
140,Alayne,Mullender,amullender3v@friendfeed.com,1/13/2024
167,Biddie,Pee,bpee4m@samsung.com,1/13/2024
172,Jasmine,Warrier,jwarrier4r@miitbeian.gov.cn,1/13/2024
190,Kipper,Cushion,kcushion59@sogou.com,1/13/2024
203,Elie,Skip,eskip5m@sourceforge.net,1/13/2024
232,Grantley,Chisnell,gchisnell6f@smh.com.au,1/13/2024
234,Kristin,Wolfindale,kwolfindale6h@oaic.gov.au,1/13/2024
243,Annaliese,Neylon,aneylon6q@discuz.net,1/13/2024
267,Brandyn,Bryson,bbryson7e@wisc.edu,1/13/2024
286,Heidie,Gajewski,hgajewski7x@loc.gov,1/13/2024
290,Hatti,Jirasek,hjirasek81@yolasite.com,1/13/2024
354,Marci,Yearne,myearne9t@slate.com,1/13/2024
362,Carrol,Grinaugh,cgrinaugha1@instagram.com,1/13/2024
382,Isaac,Ambrozik,iambrozikal@ucla.edu,1/13/2024
403,Melicent,Wooldridge,mwooldridgeb6@usa.gov,1/13/2024
469,Emmaline,Cristofari,ecristofarid0@hao123.com,1/13/2024
471,Gayler,Brody,gbrodyd2@usa.gov,1/13/2024
487,Hewet,Bamborough,hbamboroughdi@bloglines.com,1/13/2024
499,Sapphira,Gammett,sgammettdu@psu.edu,1/13/2024
530,Oona,Benedek,obenedekep@alexa.com,1/13/2024
550,Tory,Guterson,tgutersonf9@joomla.org,1/13/2024
596,Panchito,Drexel,pdrexelgj@freewebs.com,1/13/2024
608,Corinna,Doggerell,cdoggerellgv@columbia.edu,1/13/2024
613,Mischa,Thick,mthickh0@time.com,1/13/2024
640,Rita,Darko,rdarkohr@wikia.com,1/13/2024
658,Idalina,Wedge,iwedgei9@bloglovin.com,1/13/2024
676,Pietro,Witling,pwitlingir@hatena.ne.jp,1/13/2024
681,Nanon,Stanners,nstannersiw@360.cn,1/13/2024
744,Anetta,Blundin,syrinx@mac.com,1/13/2024
750,Meredith,Braybrooks,milton@mac.com,1/13/2024
759,Minne,Selvey,jusdisgi@optonline.net,1/13/2024
767,Cullie,Cleen,rsmartin@mac.com,1/13/2024
782,Mauricio,Insko,bartak@msn.com,1/13/2024
818,Lanni,Headey,malin@att.net,1/13/2024
833,Alvy,Davidavidovics,staikos@aol.com,1/13/2024
834,Deborah,Ilem,jkegl@verizon.net,1/13/2024
921,Cointon,Calderon,gloria.rogahn@yahoo.com,1/13/2024
950,Richardo,Frankema,roberts.ignacio@schumm.com,1/13/2024
966,Nerissa,Retallack,tschmitt@stroman.info,1/13/2024
20,Michel,Wadsworth,mwadsworthj@jimdo.com,1/14/2024
27,Marta,Brandacci,mbrandacciq@webs.com,1/14/2024
31,Erika,Diamond,ediamondu@google.com.au,1/14/2024
40,Antoinette,Darracott,adarracott13@indiatimes.com,1/14/2024
64,Page,Lackie,plackie1r@who.int,1/14/2024
81,Svend,Crewe,screwe28@stanford.edu,1/14/2024
91,Kandace,Faichney,kfaichney2i@microsoft.com,1/14/2024
108,Adolf,Guihen,aguihen2z@storify.com,1/14/2024
111,Mitzi,Aynold,maynold32@wordpress.org,1/14/2024
141,Keelia,Daen,kdaen3w@163.com,1/14/2024
153,Diannne,Gouldeby,dgouldeby48@rakuten.co.jp,1/14/2024
184,Huntlee,Mitcham,hmitcham53@cornell.edu,1/14/2024
186,Jacynth,MacCaughey,jmaccaughey55@posterous.com,1/14/2024
208,George,Course,gcourse5r@amazon.co.uk,1/14/2024
251,Orlando,Lidyard,olidyard6y@reddit.com,1/14/2024
318,Conway,Antonescu,cantonescu8t@feedburner.com,1/14/2024
350,Ashbey,Wesgate,awesgate9p@php.net,1/14/2024
370,Jaime,Edgworth,jedgwortha9@opera.com,1/14/2024
408,Nicolis,Jacks,njacksbb@bbc.co.uk,1/14/2024
411,Ahmed,Jahnisch,ajahnischbe@live.com,1/14/2024
412,Darcy,Elliman,dellimanbf@lulu.com,1/14/2024
438,Noellyn,Lapthorn,nlapthornc5@statcounter.com,1/14/2024
463,Symon,Portis,sportiscu@google.nl,1/14/2024
470,Elissa,Bemand,ebemandd1@photobucket.com,1/14/2024
474,Bernette,Rewbottom,brewbottomd5@bloglines.com,1/14/2024
484,Samuel,Olesen,solesendf@timesonline.co.uk,1/14/2024
497,Gaspard,Ladon,gladonds@marriott.com,1/14/2024
524,Stoddard,Knewstub,sknewstubej@hostgator.com,1/14/2024
544,Kelci,Farries,kfarriesf3@kickstarter.com,1/14/2024
562,Belicia,Ashard,bashardfl@ft.com,1/14/2024
577,Helli,Vlasyuk,hvlasyukg0@edublogs.org,1/14/2024
606,Stephan,Bleasby,sbleasbygt@paypal.com,1/14/2024
612,Zitella,Bailles,zbaillesgz@rediff.com,1/14/2024
703,Melosa,Abrami,tjensen@me.com,1/14/2024
711,Flinn,Lydiate,pdbaby@att.net,1/14/2024
719,Del,Coton,pdbaby@mac.com,1/14/2024
783,Alfred,Noot,wikinerd@gmail.com,1/14/2024
847,Jorrie,Cleaver,rtanter@me.com,1/14/2024
860,Odo,Shoard,jessica55@lemke.com,1/14/2024
869,Darlleen,Ebbings,lesch.clay@dicki.com,1/14/2024
902,Chicky,Fedder,schoen.harry@okon.com,1/14/2024
904,Anallese,Androsik,stokes.jaylen@conn.com,1/14/2024
938,Michaela,Bagnell,schoen.sanford@stamm.com,1/14/2024
971,Henriette,Batha,lindsey.windler@hotmail.com,1/14/2024
983,Nancy,McAuley,talia03@collier.com,1/14/2024
986,Rosalind,Kuhlmey,zulauf.elenora@yahoo.com,1/14/2024
1000,Sisile,Innott,evans@att.net,1/14/2024
35,Micheal,Slatter,mslattery@hc360.com,1/15/2024
93,Carin,Rohlfing,crohlfing2k@wsj.com,1/15/2024
107,Pammi,Popping,ppopping2y@sbwire.com,1/15/2024
164,Abbie,Cotgrove,acotgrove4j@bloglovin.com,1/15/2024
165,Fanchette,Koomar,fkoomar4k@netscape.com,1/15/2024
173,Leroy,Swindells,lswindells4s@bluehost.com,1/15/2024
195,Donella,O'Clery,doclery5e@tinyurl.com,1/15/2024
238,Fredia,Clyde,fclyde6l@geocities.com,1/15/2024
255,Jeannine,Patching,jpatching72@163.com,1/15/2024
259,Charmane,Cuming,ccuming76@netlog.com,1/15/2024
306,Murdoch,Brokenbrow,mbrokenbrow8h@sohu.com,1/15/2024
313,Farlee,Stearn,fstearn8o@github.io,1/15/2024
348,Kial,Lestor,klestor9n@drupal.org,1/15/2024
364,Alvan,Guisot,aguisota3@narod.ru,1/15/2024
393,Scotty,Barnby,sbarnbyaw@pagesperso-orange.fr,1/15/2024
404,Nealy,Websdale,nwebsdaleb7@xinhuanet.com,1/15/2024
437,Theadora,Kubalek,tkubalekc4@weather.com,1/15/2024
444,Malchy,Tolputt,mtolputtcb@google.nl,1/15/2024
496,Stanislaus,Thackeray,sthackeraydr@digg.com,1/15/2024
571,Julienne,Olufsen,jolufsenfu@arstechnica.com,1/15/2024
595,Teddie,Gillian,tgilliangi@amazonaws.com,1/15/2024
603,Killy,Laurance,klaurancegq@latimes.com,1/15/2024
604,Lannie,Yeardsley,lyeardsleygr@spotify.com,1/15/2024
623,Emery,Wilds,ewildsha@nbcnews.com,1/15/2024
626,Brody,Aitcheson,baitchesonhd@godaddy.com,1/15/2024
637,Jonell,Harrold,jharroldho@nba.com,1/15/2024
646,Hillyer,Corden,hcordenhx@indiatimes.com,1/15/2024
671,Lyndell,Dymond,ldymondim@hexun.com,1/15/2024
699,Torrie,Fleet,tfleetje@360.cn,1/15/2024
746,Yorgo,Chene,vmalik@att.net,1/15/2024
761,Anica,Krabbe,crypt@outlook.com,1/15/2024
770,Natty,Dockray,quantaman@live.com,1/15/2024
787,Florenza,Littlepage,pemungkah@msn.com,1/15/2024
791,Franky,Karel,fukuchi@live.com,1/15/2024
792,Gibby,Quennell,staikos@aol.com,1/15/2024
798,Lorettalorna,Killby,gordonjcp@optonline.net,1/15/2024
819,Alina,Shillito,mrobshaw@gmail.com,1/15/2024
837,Kalil,Nana,dwheeler@att.net,1/15/2024
856,Tanitansy,Seston,padberg.aurelio@yahoo.com,1/15/2024
871,Laurice,Spicer,kemmer.amani@gmail.com,1/15/2024
887,Ryley,Chalcot,bernier.brionna@labadie.com,1/15/2024
892,Iago,Snalham,kozey.britney@hotmail.com,1/15/2024
895,Sheba,Slobom,earnestine.feeney@strosin.info,1/15/2024
922,Andie,Simeons,joanne.thompson@hotmail.com,1/15/2024
932,Margalit,Mattessen,mac.glover@thiel.com,1/15/2024
947,Corbin,Maher,abbott.maurine@ernser.com,1/15/2024
951,Rivi,Rennicks,dorthy18@marquardt.org,1/15/2024
13,Helen,Kusick,hkusickc@guardian.co.uk,1/16/2024
90,Eliot,Syfax,esyfax2h@arstechnica.com,1/16/2024
103,Troy,Carde,tcarde2u@uol.com.br,1/16/2024
138,Brigid,Picott,bpicott3t@over-blog.com,1/16/2024
161,Felicdad,Girodier,fgirodier4g@time.com,1/16/2024
179,Brandea,Colten,bcolten4y@acquirethisname.com,1/16/2024
183,Olivier,Windross,owindross52@gov.uk,1/16/2024
187,Chad,Wheal,cwheal56@gnu.org,1/16/2024
192,Alejoa,Beaby,abeaby5b@skype.com,1/16/2024
200,Leia,Waight,lwaight5j@altervista.org,1/16/2024
244,Petey,Harral,pharral6r@cdbaby.com,1/16/2024
271,Dinnie,Kilford,dkilford7i@noaa.gov,1/16/2024
309,Sven,Gahagan,sgahagan8k@amazon.com,1/16/2024
323,Teresa,Curnokk,tcurnokk8y@de.vu,1/16/2024
326,Moises,Saphin,msaphin91@bloglovin.com,1/16/2024
334,Chadd,McGuiness,cmcguiness99@dedecms.com,1/16/2024
347,Cad,Smaling,csmaling9m@wordpress.com,1/16/2024
415,Clay,Sommerfeld,csommerfeldbi@yahoo.com,1/16/2024
430,Rory,Moyer,rmoyerbx@goo.ne.jp,1/16/2024
433,Carlynne,Grindall,cgrindallc0@eepurl.com,1/16/2024
434,Ugo,Atyea,uatyeac1@smh.com.au,1/16/2024
459,Rafferty,Adess,radesscq@sciencedaily.com,1/16/2024
537,Christos,Kislingbury,ckislingburyew@google.es,1/16/2024
559,Mellisa,Wabe,mwabefi@cargocollective.com,1/16/2024
588,Salvidor,Hodcroft,shodcroftgb@woothemes.com,1/16/2024
630,Corrina,Mylechreest,cmylechreesthh@amazon.co.uk,1/16/2024
657,Marylee,Gypson,mgypsoni8@storify.com,1/16/2024
663,Marchall,Embleton,membletonie@squarespace.com,1/16/2024
740,Daniella,Tregien,dwendlan@mac.com,1/16/2024
864,Grannie,Barkway,charity98@gmail.com,1/16/2024
872,Sal,Snoddin,konopelski.emma@gmail.com,1/16/2024
880,Mady,Davids,tremblay.berta@yundt.net,1/16/2024
884,Fonsie,Ekkel,francesca.vandervort@hotmail.com,1/16/2024
948,Janeen,Woolcocks,ukshlerin@fritsch.info,1/16/2024
964,Cara,Le Strange,yundt.alice@gmail.com,1/16/2024
972,Roarke,Allin,nelle92@yahoo.com,1/16/2024
973,Hebert,Cohn,gavin.gislason@yahoo.com,1/16/2024
982,Rey,Brobak,golda86@yahoo.com,1/16/2024
987,Maddie,Waberer,reichert.roy@hotmail.com,1/16/2024
996,Adelaide,Carville,jayson.bayer@hotmail.com,1/16/2024
9,Emyle,Archdeacon,earchdeacon8@ow.ly,1/17/2024
19,Teddie,MacKilroe,tmackilroei@jigsy.com,1/17/2024
38,Ned,Gwinnell,ngwinnell11@amazon.com,1/17/2024
39,Rania,Offell,roffell12@forbes.com,1/17/2024
47,Amity,Tarplee,atarplee1a@fastcompany.com,1/17/2024
49,Juliane,MattiCCI,jmatticci1c@dropbox.com,1/17/2024
56,Jacky,Demougeot,jdemougeot1j@networksolutions.com,1/17/2024
99,Retha,Kinde,rkinde2q@taobao.com,1/17/2024
132,Mandi,Obray,mobray3n@wp.com,1/17/2024
147,Bennett,Gummie,bgummie42@bigcartel.com,1/17/2024
150,Ilario,MacAlaster,imacalaster45@google.pl,1/17/2024
163,Elvyn,Radcliffe,eradcliffe4i@unicef.org,1/17/2024
176,Michale,Sartin,msartin4v@artisteer.com,1/17/2024
201,Corbet,Dignum,cdignum5k@constantcontact.com,1/17/2024
215,Gerald,Everton,geverton5y@indiegogo.com,1/17/2024
262,Ashleigh,Moreman,amoreman79@biglobe.ne.jp,1/17/2024
268,Antin,Doodson,adoodson7f@nature.com,1/17/2024
269,Joscelin,Lythgoe,jlythgoe7g@blogspot.com,1/17/2024
293,Eadmund,Northage,enorthage84@spiegel.de,1/17/2024
344,Alexandr,Champe,achampe9j@123-reg.co.uk,1/17/2024
356,Manolo,Buntain,mbuntain9v@geocities.jp,1/17/2024
365,Kristien,Gorstidge,kgorstidgea4@dagondesign.com,1/17/2024
387,Tami,Spelling,tspellingaq@sbwire.com,1/17/2024
398,Bobby,Silverwood,bsilverwoodb1@oaic.gov.au,1/17/2024
423,Coraline,Cansfield,ccansfieldbq@google.co.jp,1/17/2024
551,Lev,Edmund,ledmundfa@wired.com,1/17/2024
564,Verena,Shucksmith,vshucksmithfn@adobe.com,1/17/2024
575,Nicolina,McNirlan,nmcnirlanfy@qq.com,1/17/2024
582,Ardella,Peyes,apeyesg5@geocities.jp,1/17/2024
616,Letizia,Dionisii,ldionisiih3@diigo.com,1/17/2024
641,Gretal,Scoggins,gscogginshs@feedburner.com,1/17/2024
655,Grier,Conville,gconvillei6@lulu.com,1/17/2024
712,Christian,Tomisch,flaviog@verizon.net,1/17/2024
774,Saree,Sulter,whimsy@msn.com,1/17/2024
777,Merla,Francomb,debest@optonline.net,1/17/2024
842,Hugo,Antrum,openldap@outlook.com,1/17/2024
850,Cornie,Fenelow,pjaskolski@quigley.com,1/17/2024
900,Lucy,Howorth,gquitzon@vandervort.com,1/17/2024
917,Nariko,Mattecot,lauryn.marvin@hotmail.com,1/17/2024
930,Terrill,Brimilcombe,emilio.stokes@fadel.com,1/17/2024
944,Henrik,Minker,pete.gutmann@koelpin.com,1/17/2024
961,Quinn,Biaggioni,stan34@ferry.com,1/17/2024
979,Fredi,Lineker,jaskolski.kole@oconner.info,1/17/2024
12,Moll,Mollett,mmollettb@4shared.com,1/18/2024
29,Bale,Burgis,bburgiss@blog.com,1/18/2024
72,Dagny,Abthorpe,dabthorpe1z@t-online.de,1/18/2024
115,Dino,Kirkebye,dkirkebye36@fda.gov,1/18/2024
122,Fritz,Tyzack,ftyzack3d@fda.gov,1/18/2024
125,Maybelle,Gunby,mgunby3g@unc.edu,1/18/2024
126,Clare,Lickess,clickess3h@independent.co.uk,1/18/2024
127,Darrelle,Dahlborg,ddahlborg3i@shop-pro.jp,1/18/2024
216,Hildegarde,Aimson,haimson5z@wsj.com,1/18/2024
217,Isidore,Goodbar,igoodbar60@creativecommons.org,1/18/2024
222,Jerome,Cloake,jcloake65@yahoo.com,1/18/2024
227,Gayelord,Treby,gtreby6a@unc.edu,1/18/2024
254,Benedict,Raffles,braffles71@hubpages.com,1/18/2024
280,Sal,Odd,sodd7r@examiner.com,1/18/2024
339,Lizzy,Jendrassik,ljendrassik9e@msn.com,1/18/2024
351,Reider,Lowen,rlowen9q@ox.ac.uk,1/18/2024
353,Mala,Rablan,mrablan9s@amazonaws.com,1/18/2024
357,Burton,Thomesson,bthomesson9w@bigcartel.com,1/18/2024
372,Rey,Cregan,rcreganab@netlog.com,1/18/2024
397,Terri,Gomersall,tgomersallb0@quantcast.com,1/18/2024
399,Megan,Castlake,mcastlakeb2@dailymail.co.uk,1/18/2024
407,Pat,Gwyther,pgwytherba@nytimes.com,1/18/2024
419,Osborne,Adamsson,oadamssonbm@clickbank.net,1/18/2024
431,Corney,Lifsey,clifseyby@wp.com,1/18/2024
449,Marga,Boodell,mboodellcg@spiegel.de,1/18/2024
454,Gwenni,Cattroll,gcattrollcl@wikia.com,1/18/2024
456,Sheri,Ruzic,sruziccn@apple.com,1/18/2024
476,Parnell,McEneny,pmcenenyd7@weebly.com,1/18/2024
504,Torin,Bolduc,tbolducdz@mapy.cz,1/18/2024
506,Una,de Guise,udeguisee1@berkeley.edu,1/18/2024
514,Nada,Heustice,nheusticee9@dell.com,1/18/2024
532,Eolande,Dishman,edishmaner@cnet.com,1/18/2024
552,Meier,Durbridge,mdurbridgefb@blinklist.com,1/18/2024
579,Darleen,Charrington,dcharringtong2@domainmarket.com,1/18/2024
600,Christie,Kalkofer,ckalkofergn@sina.com.cn,1/18/2024
638,Esra,Dmych,edmychhp@homestead.com,1/18/2024
670,Auria,Habbert,ahabbertil@uol.com.br,1/18/2024
675,Kimble,Kinglake,kkinglakeiq@google.com.hk,1/18/2024
687,Eartha,Zanelli,ezanellij2@freewebs.com,1/18/2024
688,Romeo,Attiwill,rattiwillj3@usda.gov,1/18/2024
727,Crystie,Atley,aprakash@gmail.com,1/18/2024
737,Engracia,Fabbro,jshirley@comcast.net,1/18/2024
743,Marga,Scintsbury,pthomsen@icloud.com,1/18/2024
829,Nettle,Southerill,parsimony@hotmail.com,1/18/2024
839,Minda,Joerning,loscar@sbcglobal.net,1/18/2024
875,Gwenette,Thys,ssmitham@yahoo.com,1/18/2024
885,Gena,Learmouth,kaden02@abshire.info,1/18/2024
899,Giacinta,Dupree,obahringer@senger.info,1/18/2024
949,Francine,Burnard,maribel.considine@gmail.com,1/18/2024
976,Kizzee,Pfeifer,demetrius04@yahoo.com,1/18/2024
997,Roosevelt,Arnley,daniel.orlando@dubuque.com,1/18/2024
18,Denys,Lescop,dlescoph@4shared.com,1/19/2024
66,Amaleta,Dahlback,adahlback1t@behance.net,1/19/2024
67,Tandie,Pettecrew,tpettecrew1u@about.me,1/19/2024
88,Alexandros,Vanichkin,avanichkin2f@uol.com.br,1/19/2024
94,Elizabet,Sibylla,esibylla2l@marketwatch.com,1/19/2024
114,Somerset,Grocock,sgrocock35@paypal.com,1/19/2024
118,Pegeen,Bryson,pbryson39@wix.com,1/19/2024
121,Peyter,Toone,ptoone3c@rambler.ru,1/19/2024
124,Gael,Lewer,glewer3f@samsung.com,1/19/2024
199,Elizabeth,Luty,eluty5i@dyndns.org,1/19/2024
220,Karna,Rosling,krosling63@reddit.com,1/19/2024
231,Zilvia,Swarbrigg,zswarbrigg6e@oakley.com,1/19/2024
264,Jud,Nuscha,jnuscha7b@homestead.com,1/19/2024
266,Corly,Germain,cgermain7d@mashable.com,1/19/2024
274,Matthaeus,Witherspoon,mwitherspoon7l@youtu.be,1/19/2024
312,Erda,Cud,ecud8n@devhub.com,1/19/2024
314,Nat,Cassam,ncassam8p@privacy.gov.au,1/19/2024
340,Imogene,Prettyman,iprettyman9f@uol.com.br,1/19/2024
346,Alicia,Winger,awinger9l@smugmug.com,1/19/2024
379,Lay,Murrie,lmurrieai@wikimedia.org,1/19/2024
406,Tremayne,Wales,twalesb9@geocities.com,1/19/2024
413,Alexandra,Buzzing,abuzzingbg@ted.com,1/19/2024
416,Tasha,Klimpke,tklimpkebj@shareasale.com,1/19/2024
425,Ingrid,Holttom,iholttombs@icq.com,1/19/2024
455,Libbey,Caras,lcarascm@exblog.jp,1/19/2024
477,Sanderson,Gillatt,sgillattd8@xrea.com,1/19/2024
502,Georgie,Batkin,gbatkindx@slashdot.org,1/19/2024
572,Olimpia,Vannini,ovanninifv@sciencedirect.com,1/19/2024
574,Albie,Terrelly,aterrellyfx@sitemeter.com,1/19/2024
581,Esme,Standbrooke,estandbrookeg4@moonfruit.com,1/19/2024
634,Megen,Mallinder,mmallinderhl@seattletimes.com,1/19/2024
662,Philip,Fleis,pfleisid@mashable.com,1/19/2024
679,Octavia,Ingleby,oinglebyiu@nyu.edu,1/19/2024
690,Goddard,Gregh,ggreghj5@networksolutions.com,1/19/2024
700,Bibbye,Barclay,bbarclayjf@topsy.com,1/19/2024
709,Fred,Pinnigar,seebs@yahoo.ca,1/19/2024
715,Zaria,Dunkerley,cisugrad@icloud.com,1/19/2024
742,Gerhard,Antonopoulos,emcleod@optonline.net,1/19/2024
749,Denna,Woodson,daveewart@outlook.com,1/19/2024
778,Jo ann,Bellham,jimxugle@yahoo.ca,1/19/2024
831,Bill,Macoun,malvar@optonline.net,1/19/2024
846,Marla,Lunn,akoblin@sbcglobal.net,1/19/2024
890,Mischa,Henfre,delpha.hammes@yahoo.com,1/19/2024
936,Ardella,Erb,justice.ferry@yahoo.com,1/19/2024
954,Renata,Freshwater,ypfannerstill@klein.com,1/19/2024
955,Ive,Antognetti,wintheiser.marian@nitzsche.com,1/19/2024
956,Malcolm,Cirlos,pouros.jeffry@hotmail.com,1/19/2024
962,Nariko,Beville,leon.reynolds@trantow.org,1/19/2024
985,Natalie,Mingasson,devin28@hotmail.com,1/19/2024
6,Benjie,Bess,bbess5@hao123.com,1/20/2024
8,Gus,Musprat,gmusprat7@narod.ru,1/20/2024
34,Constance,Brickett,cbrickettx@whitehouse.gov,1/20/2024
48,Abby,Verralls,averralls1b@furl.net,1/20/2024
78,Carlina,Beincken,cbeincken25@dagondesign.com,1/20/2024
85,Bartlet,Bawles,bbawles2c@myspace.com,1/20/2024
119,Herminia,Crowhurst,hcrowhurst3a@deviantart.com,1/20/2024
130,Duffy,Hardson,dhardson3l@over-blog.com,1/20/2024
148,Stephenie,Arlett,sarlett43@mediafire.com,1/20/2024
156,Biddy,Connechy,bconnechy4b@diigo.com,1/20/2024
157,Merilee,Stigell,mstigell4c@i2i.jp,1/20/2024
162,Chariot,Bess,cbess4h@multiply.com,1/20/2024
168,Perle,Del Castello,pdelcastello4n@mac.com,1/20/2024
171,Ava,Clibbery,aclibbery4q@behance.net,1/20/2024
191,Brennen,Glasser,bglasser5a@vinaora.com,1/20/2024
223,Kary,Alton,kalton66@slate.com,1/20/2024
260,Joaquin,Pilkinton,jpilkinton77@ihg.com,1/20/2024
299,Dorie,Signorelli,dsignorelli8a@amazonaws.com,1/20/2024
341,Siward,Gammett,sgammett9g@yelp.com,1/20/2024
361,Hastings,Websdale,hwebsdalea0@twitpic.com,1/20/2024
376,Grover,Adelman,gadelmanaf@blogspot.com,1/20/2024
392,Audi,Oleksinski,aoleksinskiav@gmpg.org,1/20/2024
396,Austin,Ryles,arylesaz@marriott.com,1/20/2024
428,Mar,Lindroos,mlindroosbv@booking.com,1/20/2024
435,Evangelin,Castagne,ecastagnec2@sun.com,1/20/2024
447,Lucias,Thring,lthringce@oracle.com,1/20/2024
457,Linet,Gellion,lgellionco@marketwatch.com,1/20/2024
465,Paulo,McFadden,pmcfaddencw@disqus.com,1/20/2024
468,Caria,Van Merwe,cvanmerwecz@mozilla.com,1/20/2024
473,Gerianne,Rostron,grostrond4@ox.ac.uk,1/20/2024
489,Anstice,Biddles,abiddlesdk@cbslocal.com,1/20/2024
494,Philip,Mulliner,pmullinerdp@cocolog-nifty.com,1/20/2024
495,Nadia,Kilfedder,nkilfedderdq@nyu.edu,1/20/2024
501,Heida,Lettice,hletticedw@homestead.com,1/20/2024
503,Butch,O' Kelleher,bokelleherdy@spiegel.de,1/20/2024
555,Aridatha,Perview,aperviewfe@epa.gov,1/20/2024
605,Lauralee,Brocklehurst,lbrocklehurstgs@ifeng.com,1/20/2024
694,Juan,Erbain,jerbainj9@alibaba.com,1/20/2024
702,Dev,Lytell,dinther@gmail.com,1/20/2024
781,Griz,Torrent,jbarta@yahoo.com,1/20/2024
797,Erny,Kretschmer,ylchang@hotmail.com,1/20/2024
801,Vaughn,Patridge,valdez@yahoo.ca,1/20/2024
836,Averil,Benettini,sriha@aol.com,1/20/2024
840,Valida,Wilton,gomor@yahoo.com,1/20/2024
841,Jameson,Twine,martyloo@live.com,1/20/2024
845,Lynde,Connechy,mcast@msn.com,1/20/2024
851,Francesca,Purser,paolo80@wolf.biz,1/20/2024
863,Toiboid,Aylward,graciela.macejkovic@gmail.com,1/20/2024
893,Shelba,Banting,eloisa77@yahoo.com,1/20/2024
935,Jessamyn,Goodred,verna20@hegmann.com,1/20/2024
975,Zulema,Shellum,ericka28@gmail.com,1/20/2024
22,Gay,Matcham,gmatchaml@cnn.com,1/21/2024
26,Nancee,Noli,nnolip@odnoklassniki.ru,1/21/2024
89,Darb,Ashdown,dashdown2g@upenn.edu,1/21/2024
95,Wes,Kernaghan,wkernaghan2m@psu.edu,1/21/2024
155,Jamil,Thirlaway,jthirlaway4a@elpais.com,1/21/2024
178,Nathanil,Coundley,ncoundley4x@narod.ru,1/21/2024
188,Hymie,Verick,hverick57@shop-pro.jp,1/21/2024
189,Georgianne,Bulteel,gbulteel58@canalblog.com,1/21/2024
233,Ronny,Mussilli,rmussilli6g@barnesandnoble.com,1/21/2024
237,Charlie,Kliche,ckliche6k@reference.com,1/21/2024
241,Montague,Halden,mhalden6o@berkeley.edu,1/21/2024
294,Niel,Sirett,nsirett85@fda.gov,1/21/2024
316,Pearl,Cockerill,pcockerill8r@mac.com,1/21/2024
381,Angel,Farquharson,afarquharsonak@webmd.com,1/21/2024
385,Garnette,Villaron,gvillaronao@archive.org,1/21/2024
389,Vern,Copping,vcoppingas@virginia.edu,1/21/2024
417,Morty,Manes,mmanesbk@house.gov,1/21/2024
440,Christoffer,Standidge,cstandidgec7@redcross.org,1/21/2024
451,Nell,Kilius,nkiliusci@blogs.com,1/21/2024
492,Yolanda,Pritchard,ypritcharddn@spotify.com,1/21/2024
508,Adey,Birrane,abirranee3@businessweek.com,1/21/2024
521,Janetta,Sunley,jsunleyeg@nasa.gov,1/21/2024
540,Kristin,Smale,ksmaleez@reuters.com,1/21/2024
573,Jakob,Anstead,jansteadfw@wordpress.com,1/21/2024
576,Odille,Charnick,ocharnickfz@soup.io,1/21/2024
583,Amandy,Yaldren,ayaldreng6@pcworld.com,1/21/2024
584,Carroll,Arstall,carstallg7@abc.net.au,1/21/2024
590,Silvanus,Scholtz,sscholtzgd@1und1.de,1/21/2024
601,Hallie,Janda,hjandago@jalbum.net,1/21/2024
609,Pasquale,Auguste,paugustegw@cnn.com,1/21/2024
610,Sheeree,Carnachen,scarnachengx@chron.com,1/21/2024
635,Augustine,Stell,astellhm@zimbio.com,1/21/2024
648,Emmalynn,Hewkin,ehewkinhz@wix.com,1/21/2024
651,Payton,Boatwright,pboatwrighti2@economist.com,1/21/2024
656,Atlante,Pickston,apickstoni7@scribd.com,1/21/2024
680,Ginger,Misson,gmissoniv@deliciousdays.com,1/21/2024
685,Tito,Evason,tevasonj0@springer.com,1/21/2024
691,Theodosia,Scarfe,tscarfej6@adobe.com,1/21/2024
726,Lammond,Caseborne,jsnover@mac.com,1/21/2024
733,Mathilda,Stranks,agolomsh@msn.com,1/21/2024
734,Jase,Bruggeman,schwaang@sbcglobal.net,1/21/2024
738,Philomena,Smallcombe,mrobshaw@yahoo.com,1/21/2024
769,Ozzie,Antonijevic,crobles@mac.com,1/21/2024
790,Tabbie,Hughf,bowmanbs@live.com,1/21/2024
821,Stacy,Reye,hager@me.com,1/21/2024
879,Lyda,Boord,xcummings@cruickshank.com,1/21/2024
897,Orren,Tatlow,zemlak.lisa@murphy.com,1/21/2024
905,Jefferey,Handes,marco.harber@yahoo.com,1/21/2024
37,Carlita,Durward,cdurward10@narod.ru,1/22/2024
57,Hardy,Sloper,hsloper1k@ycombinator.com,1/22/2024
65,Harcourt,Jerisch,hjerisch1s@ovh.net,1/22/2024
69,Gui,Dulwitch,gdulwitch1w@dailymail.co.uk,1/22/2024
142,Cleveland,Kulver,ckulver3x@goodreads.com,1/22/2024
149,Gabriel,McKeney,gmckeney44@i2i.jp,1/22/2024
169,Cindra,Pennacci,cpennacci4o@home.pl,1/22/2024
196,Reinaldo,Thorndycraft,rthorndycraft5f@uiuc.edu,1/22/2024
202,Ethelbert,Campa,ecampa5l@netlog.com,1/22/2024
230,Nikaniki,Sanderson,nsanderson6d@webeden.co.uk,1/22/2024
250,Donnajean,Carrigan,dcarrigan6x@toplist.cz,1/22/2024
282,Hope,Vibert,hvibert7t@wix.com,1/22/2024
289,Tiebout,Hutcheon,thutcheon80@indiatimes.com,1/22/2024
297,Edwin,Yitzhak,eyitzhak88@mit.edu,1/22/2024
303,Essy,Paradine,eparadine8e@pen.io,1/22/2024
321,Helge,Terram,hterram8w@dailymotion.com,1/22/2024
322,Peria,Lage,plage8x@mysql.com,1/22/2024
360,Mariel,Grzegorzewski,mgrzegorzewski9z@xing.com,1/22/2024
383,Clari,Brookwood,cbrookwoodam@unesco.org,1/22/2024
420,Dolf,Abernethy,dabernethybn@woothemes.com,1/22/2024
445,Dallas,McCraine,dmccrainecc@gmpg.org,1/22/2024
480,Janelle,Fozzard,jfozzarddb@shop-pro.jp,1/22/2024
481,Emmett,Bencher,ebencherdc@loc.gov,1/22/2024
520,Mercy,Yesichev,myesichevef@noaa.gov,1/22/2024
523,Morris,Savoury,msavouryei@hp.com,1/22/2024
557,Sascha,Crumby,scrumbyfg@timesonline.co.uk,1/22/2024
570,Rhys,McKimmie,rmckimmieft@theglobeandmail.com,1/22/2024
599,Starla,Everly,severlygm@sohu.com,1/22/2024
633,Karin,Iacomettii,kiacomettiihk@vk.com,1/22/2024
645,Elisabet,Garthshore,egarthshorehw@usatoday.com,1/22/2024
659,Jillene,Kisar,jkisaria@ox.ac.uk,1/22/2024
664,Jerry,Reyes,jreyesif@1688.com,1/22/2024
669,Merrily,Batts,mbattsik@ucoz.com,1/22/2024
725,Flora,Matthensen,euice@sbcglobal.net,1/22/2024
730,Emylee,Dover,mbrown@yahoo.ca,1/22/2024
772,Monika,Hodinton,graham@aol.com,1/22/2024
795,Andriette,Dast,bhima@yahoo.com,1/22/2024
800,Robina,Moss,killmenow@sbcglobal.net,1/22/2024
828,Staford,Ashfull,scarlet@hotmail.com,1/22/2024
925,Petronille,Manifold,imogene79@gmail.com,1/22/2024
928,Conrad,Keslake,gudrun.kilback@hotmail.com,1/22/2024
939,Katuscha,Girault,shakira95@lynch.com,1/22/2024
943,Odey,Pinchback,reyna.wuckert@boyle.biz,1/22/2024
957,Alicia,Brumwell,aurore.haley@pagac.com,1/22/2024
967,Marja,Bilbie,deja.damore@hotmail.com,1/22/2024
981,Emmy,Shury,carrie59@mann.com,1/22/2024
988,Manny,Chalcroft,satterfield.louie@gmail.com,1/22/2024
989,George,Kelcher,ruben45@gmail.com,1/22/2024
